APQ3,DDA,spread2,Shimmer,Outcome,DFA,HNR,NHR,RAP,PPE,APQ5,flo,APQ,spread1,PPQ,fhi,Jitter_Abs,RPDE,fo,Jitter_percent,Shimmer_dB,DDP,D2
0.02182,0.06545,0.266482,0.04374,1,0.815285,21.033,0.02211,0.0037,0.284654,0.0313,74.997,0.02971,-4.813031,0.00554,157.302,7e-05,0.414783,119.992,0.00784,0.426,0.01109,2.301442
0.01035,0.03104,0.098648,0.01752,0,0.654172,22.736,0.0074,0.00169,0.095032,0.01024,225.227,0.01133,-7.31055,0.00182,247.326,1e-05,0.305062,237.226,0.00298,0.164,0.00507,2.416838
0.03134,0.09403,0.33559,0.06134,1,0.819521,19.085,0.01929,0.00465,0.368674,0.04518,113.819,0.04368,-4.075192,0.00696,148.65,8e-05,0.458359,122.4,0.00968,0.626,0.01394,2.486855
