fhi,spread1,APQ3,fo,PPQ,Jitter_percent,flo,NHR,Shimmer_dB,Jitter_Abs,RAP,spread2,DFA,HNR,PPE,APQ5,DDP,APQ,Shimmer,RPDE,D2,DDA,Outcome
157.302,-4.813031,0.02182,119.992,0.00554,0.00784,74.997,0.02211,0.426,7e-05,0.0037,0.266482,0.815285,21.033,0.284654,0.0313,0.01109,0.02971,0.04374,0.414783,2.301442,0.06545,1
247.326,-7.31055,0.01035,237.226,0.00182,0.00298,225.227,0.0074,0.164,1e-05,0.00169,0.098648,0.654172,22.736,0.095032,0.01024,0.00507,0.01133,0.01752,0.305062,2.416838,0.03104,0
148.65,-4.075192,0.03134,122.4,0.00696,0.00968,113.819,0.01929,0.626,8e-05,0.00465,0.33559,0.819521,19.085,0.368674,0.04518,0.01394,0.04368,0.06134,0.458359,2.486855,0.09403,1
