D2,flo,spread2,Jitter_percent,fo,Jitter_Abs,PPQ,PPE,APQ,APQ5,spread1,DFA,Shimmer,Outcome,DDA,RAP,Shimmer_dB,APQ3,fhi,HNR,DDP,NHR,RPDE
2.301442,74.997,0.266482,0.00784,119.992,7e-05,0.00554,0.284654,0.02971,0.0313,-4.813031,0.815285,0.04374,1,0.06545,0.0037,0.426,0.02182,157.302,21.033,0.01109,0.02211,0.414783
2.486855,113.819,0.33559,0.00968,122.4,8e-05,0.00696,0.368674,0.04368,0.04518,-4.075192,0.819521,0.06134,1,0.09403,0.00465,0.626,0.03134,148.65,19.085,0.01394,0.01929,0.458359
2.416838,225.227,0.098648,0.00298,237.226,1e-05,0.00182,0.095032,0.01133,0.01024,-7.31055,0.654172,0.01752,0,0.03104,0.00169,0.164,0.01035,247.326,22.736,0.00507,0.0074,0.305062
